{"files":[{"filename":"example00-basic.html","title":"Calendar App","jsFilePaths":["js/data/calendars.js","js/data/schedules.js","js/app.js"],"cssFilePaths":["css/default.css","css/icons.css"]},{"filename":"example01-monthly.html","title":"Monthly","jsFilePaths":["js/data/calendars.js","js/data/schedules.js","js/default.css"],"cssFilePaths":["css/default.css","css/icons.css"]},{"filename":"example02-weekly.html","title":"Weekly","jsFilePaths":["js/data/calendars.js","js/data/schedules.js","js/default.css"],"cssFilePaths":["css/default.css","css/icons.css"]},{"filename":"example03-daily.html","title":"Daily","jsFilePaths":["js/data/calendars.js","js/data/schedules.js","js/default.css"],"cssFilePaths":["css/default.css","css/icons.css"]},{"filename":"example04-2-weeks.html","title":"2 Weeks","jsFilePaths":["js/data/calendars.js","js/data/schedules.js","js/default.css"],"cssFilePaths":["css/default.css","css/icons.css"]},{"filename":"example05-3-weeks.html","title":"3 Weeks","jsFilePaths":["js/data/calendars.js","js/data/schedules.js","js/default.css"],"cssFilePaths":["css/default.css","css/icons.css"]},{"filename":"example06-narrow-weekends.html","title":"Narrow Weekends","jsFilePaths":["js/data/calendars.js","js/data/schedules.js","js/default.css"],"cssFilePaths":["css/default.css","css/icons.css"]},{"filename":"example07-hide-weekends.html","title":"Hide Weekends","jsFilePaths":["js/data/calendars.js","js/data/schedules.js","js/default.css"],"cssFilePaths":["css/default.css","css/icons.css"]},{"filename":"example08-task-n-schedule.html","title":"Task & Schedule","jsFilePaths":["js/data/calendars.js","js/data/schedules.js","js/default.css"],"cssFilePaths":["css/default.css","css/icons.css"]},{"filename":"example09-task-only.html","title":"Task Only","jsFilePaths":["js/data/calendars.js","js/data/schedules.js","js/default.css"],"cssFilePaths":["css/default.css","css/icons.css"]},{"filename":"example10-common-theme.html","title":"Common Theme","jsFilePaths":["js/data/calendars.js","js/data/schedules.js","js/default.css"],"cssFilePaths":["css/default.css","css/icons.css"]},{"filename":"example11-monthly-theme.html","title":"Monthly Theme","jsFilePaths":["js/data/calendars.js","js/data/schedules.js","js/default.css"],"cssFilePaths":["css/default.css","css/icons.css"]},{"filename":"example12-weekly-theme.html","title":"Weekly Theme","jsFilePaths":["js/data/calendars.js","js/data/schedules.js","js/default.css"],"cssFilePaths":["css/default.css","css/icons.css"]},{"filename":"example13-timezone.html","title":"Timezone","jsFilePaths":["js/data/calendars.js","js/data/schedules.js","js/default.css"],"cssFilePaths":["css/default.css","css/icons.css"]},{"filename":"example14-template-for-month.html","title":"Template For Month","jsFilePaths":["js/data/calendars.js","js/data/schedules.js","js/default.css"],"cssFilePaths":["css/default.css","css/icons.css"]},{"filename":"example15-template-for-timegrid.html","title":"Template For Timegrid","jsFilePaths":["js/data/calendars.js","js/data/schedules.js","js/default.css"],"cssFilePaths":["css/default.css","css/icons.css"]},{"filename":"example16-template-for-popup.html","title":"Template For Popup","jsFilePaths":["js/data/calendars.js","js/data/schedules.js","js/default.css"],"cssFilePaths":["css/default.css","css/icons.css"]}],"staticDir":["css","fonts","images","js"]}